{
  "registrations": [
    {
      "id": "834c",
      "fullName": "Full Name",
      "email": "FullName1234@gmail.com",
      "course": "AI"
    },
    {
      "id": "ca63",
      "fullName": "afjal sheik",
      "email": "afjalsheik123@gmail.com",
      "course": "Web Technologies"
    },
    {
      "id": "b7e0",
      "fullName": "sri ram",
      "email": "sriram123@gmail.com",
      "course": "Data Science"
    },
    {
      "id": "f2c6",
      "fullName": "sai chintu",
      "email": "saichintu1223@gmail.com",
      "course": "Advanced Programming"
    },
    {
      "id": "91af",
      "fullName": "mohammed Zakir Nooraj",
      "email": "mdnooraj14@gmail.com",
      "course": "Web Technologies"
    }
  ]
}